<?xml version="1.0" encoding="UTF-8"?>
<project-private xmlns="http://www.netbeans.org/ns/project-private/1">
    <editor-bookmarks xmlns="http://www.netbeans.org/ns/editor-bookmarks/2" lastBookmarkId="0"/>
    <open-files xmlns="http://www.netbeans.org/ns/projectui-open-files/2">
        <group>
            <file>file:/E:/Users/David%20Kelley/Documents/School/Programming/CS%204322/Assignment1/Problem2/src/Problem2.java</file>
            <file>file:/E:/Users/David%20Kelley/Documents/School/Programming/CS%204322/Assignment1/Problem2/src/Format1_Parser.java</file>
            <file>file:/E:/Users/David%20Kelley/Documents/School/Programming/CS%204322/Assignment1/Problem2/src/DisplayStats.java</file>
            <file>file:/E:/Users/David%20Kelley/Documents/School/Programming/CS%204322/Assignment1/Problem2/src/Format2_Parser.java</file>
            <file>file:/E:/Users/David%20Kelley/Documents/School/Programming/CS%204322/Assignment1/Problem2/src/Parser.java</file>
        </group>
    </open-files>
</project-private>
